Flow Name,Status,Completion %,Difficulty Level,Est. Time to Build,Business Impact,ROI Score,Prerequisites,Blueprint File,Documentation,Last Updated,Notes
Newsletter Automation,Production,95%,Advanced,40 hours,Very High,⭐⭐⭐⭐⭐,Make.com Pro + OpenAI API + Brevo,newsletter-system.blueprint.json,/docs/newsletter-setup.md,2025-07-18,9 interconnected workflows
Contact AI Agent,Production,90%,Expert,60 hours,Very High,⭐⭐⭐⭐⭐,Make.com Pro + ChatGPT + Google Sheets,contact-database.blueprint.json,/docs/contact-agent-setup.md,2025-07-18,Natural language interface to 1700 contacts
LinkedIn Automation,Production,85%,Intermediate,25 hours,High,⭐⭐⭐⭐,Make.com + Claude + LinkedIn API,linkedin-automation.blueprint.json,/docs/linkedin-setup.md,2025-07-15,AI-driven content generation
Company Research,Production,80%,Advanced,35 hours,High,⭐⭐⭐⭐,Make.com + Perplexity + Google Docs,company-research.blueprint.json,/docs/research-setup.md,2025-07-12,Automated intelligence gathering
Gmail Processing,Production,75%,Beginner,15 hours,Medium,⭐⭐⭐,Make.com + Gmail API,gmail-processing.blueprint.json,/docs/gmail-setup.md,2025-07-10,Smart email categorization

PROMPT LIBRARY,,,,,,,,,,,
Prompt Name,Category,Difficulty,Use Case,Business Value,Token Est.,Model Rec.,Last Updated,Performance,Usage Notes,Copy-Paste Ready
Currency Analysis,Cash Management,Beginner,Market Intelligence,High,~500,ChatGPT-4o,2025-07-17,Excellent,"Generic data only, no proprietary info",✅
Cash Flow Forecasting,Financial Analysis,Intermediate,Liquidity Planning,Very High,~800,Claude-3,2025-07-16,Excellent,Works with template data,✅
Compliance Monitoring,Risk Management,Advanced,Regulatory Oversight,Critical,~1200,ChatGPT-4o,2025-07-15,Very Good,Includes SOX and Basel III,✅
Vendor Risk Assessment,Risk Management,Intermediate,Operational Risk,High,~700,Claude-3,2025-07-14,Good,Financial and tech risk factors,✅
Investment Policy Analysis,Financial Analysis,Advanced,Strategic Planning,Very High,~1000,ChatGPT-4o,2025-07-13,Excellent,Market conditions focused,✅
Banking Relationship Review,Banking Relations,Intermediate,Cost Optimization,High,~600,ChatGPT-4o,2025-07-12,Good,Service and fee analysis,✅
Treasury Dashboard KPIs,Reporting,Beginner,Performance Tracking,High,~400,Claude-3,2025-07-11,Very Good,Ready-to-use metrics,✅
Fraud Detection Framework,Risk Management,Advanced,Security,Critical,~900,ChatGPT-4o,2025-07-10,Excellent,Multi-layered approach,✅
Interest Rate Hedging,Financial Analysis,Advanced,Risk Mitigation,Very High,~1100,Claude-3,2025-07-09,Good,Market timing strategies,✅
Working Capital Optimization,Cash Management,Intermediate,Efficiency,High,~650,ChatGPT-4o,2025-07-08,Very Good,DSO/DPO analysis,✅

BEGINNER PROJECTS,,,,,,,,,,,
Project Name,Skill Level,Time Required,Success Criteria,Learning Objectives,Business Value,Template Available,Video Guide,Community Support,Next Project,Completion Rate
Simple Email Filter,Beginner,2 hours,Emails auto-sorted,Make.com basics,Medium,✅,✅,✅,AI Email Classifier,95%
AI Email Response,Beginner,4 hours,Auto-responses sent,Basic AI integration,Medium,✅,✅,✅,Newsletter Creator,87%
Newsletter Creator,Intermediate,8 hours,Weekly newsletter,Content automation,High,✅,✅,✅,Contact Database,78%
Contact Database,Intermediate,12 hours,Searchable contacts,Data management,High,✅,✅,✅,Company Research,65%
Company Research,Advanced,20 hours,Automated reports,Research automation,Very High,✅,✅,✅,Full SPARK System,45%
Full SPARK System,Expert,60+ hours,All systems integrated,Complete automation,Maximum,✅,✅,✅,Custom Extensions,25%

LEARNING RESOURCES,,,,,,,,,,,
Resource Name,Type,Skill Level,Duration,Cost,Rating,Prerequisites,Updated,Language,Platform,Link
Make.com Basics,Video Course,Beginner,4 hours,Free,⭐⭐⭐⭐⭐,None,2025-07-15,English,YouTube,/videos/makecom-basics/
AI Integration,Written Guide,Intermediate,2 hours,Free,⭐⭐⭐⭐,Make.com basics,2025-07-10,English,GitHub,/docs/ai-integration.md
Advanced Workflows,Video Series,Advanced,8 hours,Free,⭐⭐⭐⭐⭐,AI Integration,2025-07-18,English,YouTube,/videos/advanced-workflows/
Enterprise Setup,Consultation,Expert,Varies,Paid,⭐⭐⭐⭐⭐,All prerequisites,2025-07-01,English,Calendar,/contact/enterprise-support
Community Forum,Discussion,All Levels,Ongoing,Free,⭐⭐⭐⭐,None,2025-07-18,English,Discord,/community/discord
Office Hours,Live Q&A,All Levels,1 hour/week,Free,⭐⭐⭐⭐⭐,None,2025-07-18,English,Zoom,/community/office-hours

TROUBLESHOOTING,,,,,,,,,,,
Issue Category,Common Problem,Frequency,Difficulty to Fix,Average Fix Time,Solution Available,Video Guide,Community Help,Expert Support,Success Rate,Notes
API Limits,Rate limiting errors,High,Easy,15 minutes,✅,✅,✅,✅,95%,Most common issue
Permissions,Google auth failures,Medium,Medium,30 minutes,✅,✅,✅,✅,90%,Admin settings related
AI Responses,Inconsistent outputs,Medium,Medium,45 minutes,✅,✅,✅,✅,85%,Prompt engineering needed
Data Mapping,Field mismatches,Low,Hard,60 minutes,✅,❌,✅,✅,80%,Technical expertise required
Performance,Slow execution,Low,Hard,90 minutes,✅,❌,✅,✅,75%,Architecture optimization

SUCCESS METRICS,,,,,,,,,,,
Metric Category,KPI Name,Baseline,Target,Current,Trend,Measurement,Frequency,Owner,Last Updated,Notes
Time Savings,Hours per week saved,0,20,18,↗️,Manual tracking,Weekly,User,2025-07-18,Significant improvement
Quality,Error rate %,25%,<5%,3%,↗️,System logs,Daily,System,2025-07-18,Excellent performance
Cost,Monthly tool costs,$0,$200,$185,→,Billing,Monthly,Admin,2025-07-01,Within budget
Engagement,Newsletter open rate,0%,25%,32%,↗️,Brevo analytics,Weekly,Marketing,2025-07-18,Exceeding expectations
Growth,LinkedIn followers,500,2000,1750,↗️,LinkedIn insights,Weekly,Social,2025-07-18,Strong growth
ROI,Return on investment,0%,300%,450%,↗️,Financial analysis,Monthly,Finance,2025-07-01,Exceptional results